Dates,,,,,,Discount
1/8/24,57.96,57.96,57.56,57.96,75.7,-17.94
1/5/24,59.155,59.155,58.755,59.155,77.585,-18.63
1/4/24,60.43,60.43,60.03,60.43,79.12,-18.89
1/3/24,62.01,62.01,61.61,62.01,80.845,-19.035
1/2/24,61.97,61.97,61.57,61.97,80.775,-19.005
12/29/23,61.8,61.8,61.4,61.8,80.58,-18.98
12/28/23,63.22,63.22,62.82,63.22,81.87,-18.85
12/27/23,62.005,62.005,61.605,62.005,80.165,-18.36
12/22/23,61.405,61.405,61.005,61.405,79.18,-17.975
12/21/23,59.605,59.605,59.205,59.605,77.085,-17.68
12/20/23,60.055,60.055,59.655,60.055,77.275,-17.42
12/19/23,57.175,57.175,56.775,57.175,74.09,-17.115
12/18/23,56.845,56.845,56.445,56.845,73.555,-16.91
12/15/23,59.41,59.41,59.01,59.41,75.945,-16.735
12/14/23,59.645,59.645,59.245,59.645,75.81,-16.365
12/13/23,58.255,58.255,57.855,58.255,74.295,-16.24
12/12/23,59.035,59.035,58.635,59.035,74.66,-15.825
12/11/23,62.635,62.635,62.235,62.635,78.125,-15.69
12/8/23,62.785,62.785,62.385,62.785,78.25,-15.665
12/7/23,65.83,65.83,65.43,65.83,81.1,-15.47
12/6/23,65.09,65.09,64.69,65.09,80.6,-15.71
12/5/23,66.53,66.53,66.13,66.53,82.28,-15.95
12/4/23,66.53,66.53,66.13,66.53,81.99,-15.66
12/1/23,64.995,64.995,64.595,64.995,80.135,-15.34
11/30/23,66.63,66.63,66.23,66.63,81.91,-15.48
11/29/23,65.625,65.625,65.225,65.625,80.95,-15.525
11/28/23,64.34,64.34,63.94,64.34,79.48,-15.34
11/27/23,67.43,67.43,67.03,67.43,82.2,-14.97
11/24/23,69.02,69.17,68.77,69.02,83.33,-14.36
11/23/23,65.785,65.935,65.535,65.785,80.08,-14.345
11/22/23,63.965,64.365,63.965,63.965,78.145,-13.98
11/21/23,68.18,68.58,68.28,68.18,82.61,-14.18
11/20/23,70.61,71.01,70.71,70.61,85.185,-14.325
11/17/23,69.97,70.37,70.07,69.97,84.465,-14.245
11/16/23,69.405,69.805,69.505,69.405,83.58,-13.925
11/15/23,68.62,69.02,68.72,68.62,82.7,-13.83
11/14/23,68.46,68.86,68.56,68.46,82.31,-13.6
11/13/23,70.925,71.325,71.025,70.925,84.71,-13.535
11/10/23,74.315,74.715,74.415,74.315,88.095,-13.53
11/9/23,74.36,74.76,74.46,74.36,88.015,-13.405
11/8/23,74.805,75.205,74.905,74.805,88.525,-13.47
11/7/23,74.985,75.385,75.085,74.985,88.615,-13.38
11/6/23,75.16,75.56,75.26,75.16,88.675,-13.265
11/3/23,75.535,75.935,75.635,75.535,89,-13.215
11/2/23,76.29,76.69,76.39,76.29,89.23,-12.69
11/1/23,76.905,77.305,77.005,76.905,89.695,-12.54
10/31/23,76.355,76.755,76.455,76.355,89.04,-12.435
10/30/23,75.83,76.23,75.93,75.83,88.46,-12.38
10/27/23,79.75,80.15,79.85,79.75,93.085,-13.085
10/26/23,81.86,82.26,81.96,81.86,95,-12.89
10/25/23,80.05,80.45,80.15,80.05,93.2,-12.9
10/24/23,79.885,80.285,79.985,79.885,93.055,-12.92
10/23/23,78.12,78.52,78.22,78.12,91.76,-13.39
10/20/23,79.175,79.575,79.275,79.175,93.05,-13.625
10/19/23,78.82,79.22,78.92,78.82,92.735,-13.665
10/18/23,75.465,75.865,75.565,75.465,89.37,-13.655
10/17/23,74.105,74.505,74.205,74.105,88.04,-13.685
10/16/23,76.495,76.895,76.595,76.495,90.71,-13.965
10/13/23,77.155,77.555,77.255,77.155,91.335,-13.93
10/12/23,73.97,74.37,74.07,73.97,88.2,-13.98
10/11/23,73.945,74.245,73.945,73.945,88.48,-14.385
10/10/23,77.015,77.215,76.915,77.015,91.675,-14.61
10/9/23,80.03,80.23,79.93,80.03,94.68,-14.6
10/6/23,79.985,80.185,79.885,79.985,94.555,-14.52
10/5/23,82.07,82.27,81.97,82.07,96.325,-14.205
10/4/23,83.565,83.765,83.465,83.565,97.77,-14.155
10/3/23,84.27,84.47,84.17,84.27,97.915,-13.595
10/2/23,80.845,81.045,80.745,80.845,94.135,-13.24
9/29/23,80.135,80.335,80.035,80.135,93.4,-13.215
9/28/23,81.02,81.22,80.92,81.02,94.225,-13.155
9/27/23,81.21,81.41,81.11,81.21,94.5,-13.24
9/26/23,81.78,81.98,81.68,81.78,95.725,-13.895
9/25/23,82.915,83.115,82.815,82.915,96.865,-13.9
9/22/23,82.345,82.545,82.245,82.345,96.24,-13.845
9/21/23,81.235,81.435,81.135,81.235,95.14,-13.855
9/20/23,81.2,81.4,81.1,81.2,95.105,-13.855
9/19/23,79.605,79.805,79.505,79.605,93.385,-13.73
9/18/23,79.42,79.72,79.42,79.42,93.6,-14.03
9/15/23,77.38,77.78,77.48,77.38,92.02,-14.39
9/14/23,77.84,78.24,77.94,77.84,92.395,-14.305
9/13/23,77.325,77.725,77.425,77.325,91.9,-14.325
9/12/23,76.85,77.25,76.95,76.85,91.41,-14.31
9/11/23,77.575,77.975,77.675,77.575,91.935,-14.11
9/8/23,75.835,76.235,75.935,75.835,90.605,-14.52
9/7/23,74.69,75.09,74.79,74.69,89.44,-14.5
9/6/23,72.695,73.095,72.795,72.695,87.36,-14.415
9/5/23,71.43,71.53,71.23,71.43,86.095,-14.715
9/4/23,71.075,71.175,70.875,71.075,85.865,-14.84
9/1/23,70.445,70.545,70.245,70.445,85.235,-14.84
8/31/23,69.325,69.425,69.125,69.325,83.975,-14.7
8/30/23,69.51,69.61,69.31,69.51,84.14,-14.68
8/29/23,70.37,70.37,70.07,70.37,85.32,-15.1
8/25/23,71.35,71.35,71.05,71.35,86.4,-15.2
8/24/23,70.74,70.74,70.44,70.74,85.76,-15.17
8/23/23,70.985,70.985,70.685,70.985,86.03,-15.195
8/22/23,71.08,71.08,70.78,71.08,86.11,-15.18
8/21/23,71.23,71.23,70.93,71.23,86.195,-15.115
8/18/23,73.215,73.215,72.315,73.215,87.815,-15.05
8/17/23,74.1,74.1,73.2,74.1,88.425,-14.775
8/16/23,74.2,74.2,73.3,74.2,88.27,-14.52
8/15/23,74.715,74.715,73.815,74.715,88.455,-14.19
8/14/23,73.015,73.015,72.115,73.015,86.655,-14.09
8/11/23,72.735,72.735,71.835,72.735,86.55,-14.265
8/10/23,73.29,73.29,72.39,73.29,86.86,-14.02
8/9/23,71.24,71.24,70.34,71.24,85.8,-15.01
8/8/23,68.17,68.17,67.27,68.17,84.175,-16.455
8/7/23,69.59,69.59,68.69,69.59,85.275,-16.135
8/4/23,69.78,69.78,68.88,69.78,85.655,-16.325
8/3/23,68.245,68.245,67.345,68.245,83.995,-16.2
8/2/23,67.995,67.995,67.095,67.995,83.835,-16.29
8/1/23,67.905,67.905,67.005,67.905,83.82,-16.365
7/31/23,67.02,67.02,66.12,67.02,82.935,-16.365
7/28/23,66.56,66.56,65.66,66.56,82.465,-16.355
7/27/23,64.415,64.415,63.515,64.415,80.365,-16.4
7/26/23,62.185,62.185,61.285,62.185,79.49,-17.755
7/25/23,62.31,62.31,61.41,62.31,80.49,-18.63
7/24/23,60.725,60.725,59.825,60.725,79.73,-19.455
7/21/23,60.06,60.06,59.16,60.06,79.28,-19.67
7/20/23,61.21,61.21,60.31,61.21,80.3,-19.54
7/19/23,61.51,61.51,60.61,61.51,80.6,-19.54
7/18/23,61.16,61.16,60.26,61.16,80.04,-19.33
7/17/23,60.32,60.32,59.42,60.32,79.15,-19.28
7/14/23,59.73,59.73,58.83,59.73,78.57,-19.29
7/13/23,58.955,58.955,58.055,58.955,77.74,-19.235
7/12/23,56.07,56.07,55.17,56.07,75.39,-19.77
7/11/23,56.87,56.87,55.97,56.87,76.69,-20.27
7/10/23,56.115,56.115,55.215,56.115,76.08,-20.415
7/7/23,55.43,55.43,54.53,55.43,75.86,-20.88
7/6/23,54.64,54.64,53.74,54.64,75.46,-21.27
7/5/23,52.305,52.305,51.405,52.305,73.62,-21.765
7/4/23,52.47,52.47,51.57,52.47,73.71,-21.69
7/3/23,51.805,51.805,50.905,51.805,73.45,-22.095
6/30/23,52.535,52.535,51.635,52.535,74.2,-22.115
6/29/23,52.04,52.04,51.14,52.04,73.72,-22.13
6/28/23,52.43,52.43,51.53,52.33,74.31,-22.33
6/27/23,54.93,54.93,54.03,54.83,77.03,-22.55
6/26/23,53,53,52.1,52.9,75.08,-22.53
6/23/23,53.95,53.95,53.05,53.85,76.17,-22.67
6/22/23,53.585,53.585,52.685,53.485,75.78,-22.645
6/21/23,52.775,52.775,51.875,52.675,74.87,-22.545
6/20/23,51.065,51.065,50.165,50.965,73.84,-23.225
6/19/23,51,51,50.1,50.9,74.05,-23.5
6/16/23,49.44,49.44,48.54,49.34,72.59,-23.6
6/15/23,52.885,52.885,51.985,52.785,76.18,-23.745
6/14/23,51.88,51.88,50.98,51.78,76.16,-24.73
6/13/23,52.97,52.97,52.07,52.87,77.31,-24.79
6/12/23,52.125,52.125,51.225,52.025,76.43,-24.755
6/9/23,53.08,53.08,52.18,52.98,77.36,-24.73
6/8/23,51.805,51.805,50.905,51.705,76,-24.645
6/7/23,50.14,50.39,49.49,50.04,74.59,-24.65
6/6/23,48.04,48.79,47.89,47.94,73.02,-24.68
6/5/23,48.765,49.515,48.615,48.665,74.13,-25.065
6/2/23,51.425,52.175,51.275,51.325,77.04,-25.315
6/1/23,50.615,51.365,50.465,50.515,76.3,-25.385
5/31/23,52.615,53.365,52.465,52.515,78.18,-25.265
5/30/23,51.655,51.905,51.005,51.555,77.18,-25.725
5/26/23,50.565,50.815,49.915,50.465,76.04,-25.675
5/25/23,50.58,50.83,49.93,50.48,75.88,-25.5
5/24/23,50.56,50.81,49.91,50.46,76.03,-25.67
5/23/23,50.83,51.08,50.18,50.73,76.23,-25.6
5/22/23,49.515,49.765,48.865,49.415,74.99,-25.675
5/19/23,49.695,49.945,49.045,49.595,75.31,-25.815
5/18/23,49.56,49.81,48.91,49.46,74.81,-25.45
5/17/23,50.385,50.635,49.735,50.285,75.73,-25.545
5/16/23,51.425,51.675,50.775,51.325,76.955,-25.73
5/15/23,49.75,50,49.1,49.65,75.25,-25.7
5/12/23,49.72,49.97,49.07,49.62,75.07,-25.55
5/11/23,46.995,47.245,46.345,46.895,72.47,-25.675
5/10/23,46.35,46.6,45.7,46.25,71.92,-25.77
5/9/23,50.315,50.565,49.665,50.215,75.73,-25.615
5/5/23,54.955,55.205,54.305,54.855,80.35,-25.595
5/4/23,52.945,53.195,52.295,52.845,78.24,-25.495
5/3/23,54.11,55.36,54.46,54.01,80.42,-25.51
5/2/23,53.395,54.645,53.745,53.295,80.9,-26.705
4/28/23,54.185,55.435,54.535,54.085,82.43,-27.445
4/27/23,53.385,54.635,53.735,53.285,81.63,-27.445
4/26/23,53.145,54.395,53.495,53.045,81.35,-27.405
4/25/23,55.645,56.895,55.995,55.545,83.82,-27.375
4/24/23,56.305,58.055,57.155,56.205,85.1,-27.495
4/21/23,55.34,57.59,56.69,55.24,85.11,-27.97
4/20/23,56.01,58.26,57.36,55.91,86.56,-28.75
4/19/23,55.39,57.64,56.74,55.29,86.93,-29.74
4/18/23,55.745,57.995,57.095,55.645,87.17,-29.625
4/17/23,53.455,55.705,54.805,53.355,85.01,-29.755
4/14/23,53.92,56.17,55.27,53.82,85.2,-29.48
4/13/23,53.12,55.37,54.47,53.02,84.78,-29.86
4/12/23,52.81,55.06,54.16,52.71,84.49,-29.88
4/11/23,52,54.25,53.35,51.9,84.75,-30.95
4/6/23,45.14,47.39,46.49,45.04,79.8,-32.86
4/5/23,43.115,45.365,44.465,43.015,78.96,-34.045
4/4/23,42.125,44.375,43.475,42.025,79.16,-35.235
4/3/23,41.945,44.195,43.295,41.845,78.8,-35.055
3/31/23,39.37,41.62,40.72,39.27,76.32,-35.15
3/30/23,37.38,39.63,38.73,37.28,74.54,-35.36
3/29/23,39.955,42.205,41.305,39.855,76.96,-35.205
3/28/23,39.44,41.69,40.79,39.34,76.38,-35.14
3/27/23,37.955,40.205,39.305,37.855,74.71,-34.955
3/24/23,36.015,38.265,37.365,35.915,72.77,-34.955
3/23/23,36.53,38.78,37.88,36.43,73.44,-35.11
3/22/23,37.39,39.64,38.74,37.29,74.36,-35.17
3/21/23,35.59,37.84,36.94,35.49,72.51,-35.12
3/20/23,42.59,44.84,43.94,42.49,79.51,-35.12
3/17/23,44.89,46.64,45.74,44.79,81.72,-35.53
3/16/23,45.585,47.335,46.435,45.485,82.8,-35.915
3/15/23,45.745,47.495,46.595,45.645,83.41,-36.365
3/14/23,44.505,46.255,45.355,44.405,82.85,-37.045
3/13/23,45.985,47.735,46.835,45.885,84.31,-37.025
3/10/23,47.745,49.495,48.595,47.645,86.18,-37.135
3/9/23,46.995,48.745,47.845,46.895,85.44,-37.145
3/8/23,46.915,48.665,47.765,46.815,85.09,-36.875
3/7/23,45.51,47.26,46.36,45.41,83.71,-36.9
3/6/23,45.415,47.165,46.265,45.315,84.22,-37.505
3/3/23,43.595,45.345,44.445,43.495,82.22,-37.325
3/2/23,44.03,45.78,44.88,43.93,82.84,-37.51
3/1/23,43.145,44.895,43.995,43.045,81.84,-37.395
2/28/23,42.57,44.32,43.42,42.47,81.35,-37.48
2/27/23,44.22,45.97,45.07,44.12,83.19,-37.67
2/24/23,44.71,46.46,45.56,44.61,83.4,-37.39
2/23/23,44.07,45.82,44.92,43.97,83,-37.63
2/22/23,46.19,47.94,47.04,46.09,85.42,-37.93
2/21/23,45.545,47.295,46.395,45.445,84.43,-37.585
2/20/23,46.56,48.31,47.41,46.46,85.34,-37.48
2/17/23,47.41,49.16,48.26,47.31,86.11,-37.4
2/16/23,47.27,49.02,48.12,47.17,86.49,-37.92
2/15/23,44.945,46.695,45.795,44.845,84.1,-37.855
2/14/23,44.915,46.665,45.765,44.815,84,-37.785
2/13/23,43.91,45.66,44.76,43.81,83.1,-37.89
2/10/23,41.205,42.955,42.055,41.105,80.21,-37.705
2/9/23,42.6,44.35,43.45,42.5,81.69,-37.79
2/8/23,42.185,43.935,43.035,42.085,81.94,-38.455
2/7/23,44.455,46.205,45.305,44.355,84.29,-38.535
2/6/23,45.58,47.33,46.43,45.48,85.27,-38.39
2/3/23,45.96,47.71,46.81,45.86,85.83,-38.57
2/2/23,47.135,48.885,47.985,47.035,86.88,-38.445
2/1/23,47.99,49.74,48.84,47.89,87.73,-38.44
1/31/23,46.89,48.64,47.74,46.79,86.66,-38.47
1/30/23,47.105,48.855,47.955,47.005,86.88,-38.475
1/27/23,49.215,50.965,50.065,49.115,89.07,-38.555
1/26/23,47.03,48.78,47.88,46.93,86.78,-38.45
1/25/23,45.35,47.1,46.2,45.25,85.54,-38.89
1/24/23,46.79,48.54,47.64,46.69,87.31,-39.22
1/23/23,45.24,46.99,46.09,45.14,85.75,-39.21
1/20/23,43.245,44.995,44.095,43.145,84.29,-39.745
1/19/23,43.4,45.15,44.25,43.3,84.9,-40.2
1/18/23,42.945,44.695,43.795,42.845,84.34,-40.095
1/17/23,40.58,42.33,41.43,40.48,82.19,-40.31
1/16/23,39.14,40.89,39.99,39.04,79.76,-39.32
1/13/23,39.935,41.685,40.785,39.835,79.7,-38.465
1/12/23,39.905,41.655,40.755,39.805,79.74,-38.535
1/11/23,39.25,41,40.1,39.15,79.16,-38.61
1/10/23,37.735,39.485,38.585,37.635,77.97,-38.935
1/9/23,43.45,45.2,44.3,43.35,83.16,-38.41
1/6/23,43.565,45.315,44.415,43.465,82.64,-37.775
1/5/23,42.915,44.665,43.765,42.815,82.26,-38.045
1/4/23,43.165,44.915,44.015,43.065,82.49,-38.025
1/3/23,42.765,44.515,43.615,42.665,82.18,-38.115
12/30/22,42.67,44.42,43.52,42.57,82.11,-38.14
12/29/22,42.42,44.17,43.27,42.32,81.71,-37.99
12/28/22,40.155,41.905,41.005,40.055,79.37,-37.915
12/23/22,41.74,42.99,42.09,41.64,79.85,-37.31
12/22/22,41.96,42.71,41.81,41.86,78.49,-36.23
12/21/22,45.68,46.43,45.53,45.58,81.14,-35.16
12/20/22,47.455,48.205,47.305,47.355,82.82,-35.065
12/19/22,44.805,45.555,44.655,44.705,80.6,-35.495
12/16/22,42.545,43.295,42.395,42.445,78.6,-35.755
12/15/22,41.415,42.165,41.265,41.315,77.52,-35.805
12/14/22,40.16,40.91,40.01,40.06,76.45,-35.99
12/13/22,43.345,44.095,43.195,43.245,78.59,-34.945
12/12/22,45.235,45.985,45.085,45.135,80.45,-34.915
12/9/22,52.25,53,52.1,52.15,85.11,-32.56
12/8/22,53.57,54.32,53.42,53.47,86.47,-32.6
12/7/22,55.865,56.53,55.63,55.79,88.74,-32.66
12/6/22,53.28,54.195,53.295,53.205,85.48,-31.735
12/5/22,50.685,51.15,50.215,50.61,83.04,-32.3575
12/2/22,49.47,49.935,49,49.395,82.52,-33.0525
12/1/22,52.375,52.84,51.905,52.3,85.42,-33.0475
11/30/22,52.395,52.86,51.925,52.32,85.27,-32.8775
11/29/22,52.125,52.59,51.655,52.05,85.02,-32.8975
11/28/22,56.815,56.78,55.845,56.74,89.2,-32.8875
11/25/22,51.425,50.89,49.955,51.35,82.94,-32.5175
11/24/22,57.26,56.725,55.79,57.185,87.6,-31.3425
11/23/22,61.58,60.395,59.46,61.505,90.51,-30.5825
11/22/22,63.885,62.2,61.265,63.81,92.13,-30.3975
11/21/22,65.28,63.595,62.66,65.205,93.59,-30.4625
11/18/22,66.855,65.17,64.235,66.78,95.04,-30.3375
11/17/22,68.28,66.595,65.66,68.205,96.2,-30.0725
11/16/22,66.47,64.285,63.35,66.395,94,-30.1825
11/15/22,66.725,64.54,63.605,66.65,94.04,-29.9675
11/14/22,70.67,68.485,67.55,70.595,97.26,-29.2425
11/11/22,73.895,72.21,71.275,73.82,99.53,-27.7875
11/10/22,72.205,70.8,69.885,72.13,97.72,-27.3775
11/9/22,69.575,68.17,67.255,69.5,95.29,-27.5775
11/8/22,71.305,69.9,68.985,71.23,96.45,-27.0075
11/7/22,69.32,67.915,67,69.245,94.65,-27.1925
11/4/22,67.225,67.35,66.435,67.15,94.76,-27.8675
11/3/22,68.325,68.45,67.535,68.25,95.66,-27.6675
11/2/22,69.32,69.535,68.53,69.245,97.07,-28.0375
11/1/22,68.425,68.585,67.58,68.35,95.96,-27.8775
10/31/22,65.47,65.69,64.65,65.395,93.51,-28.34
10/28/22,65.11,65.33,64.265,65.035,93.31,-28.5125
10/27/22,64.535,64.84,63.685,64.46,92.99,-28.7275
10/26/22,65,65.305,64.15,64.925,93.62,-28.8925
10/25/22,62.125,62.49,61.275,62.05,90.77,-28.8875
10/24/22,60.74,61.135,60.005,60.665,89.15,-28.58
10/21/22,64.165,64.515,63.45,64.095,91.86,-27.8775
10/20/22,65.545,65.955,64.83,65.475,92.45,-27.0575
10/19/22,67.285,67.695,66.58,67.215,93.93,-26.7925
10/18/22,66.8,67.305,66.305,66.73,92.82,-26.015
10/17/22,68.615,69.18,68.33,68.545,94.38,-25.625
10/14/22,71.775,72.34,71.64,71.705,97.44,-25.45
10/13/22,72.23,72.795,72.095,72.16,97.76,-25.315
10/12/22,69.145,69.735,69.005,69.075,94.54,-25.17
10/11/22,68.14,68.73,68,68.07,93.71,-25.345
10/10/22,66.525,67.03,66.42,66.455,91.89,-25.165
10/7/22,63.275,63.78,63.315,63.205,88.5,-24.9525
10/6/22,61.61,62.115,61.65,61.54,87.4,-25.5175
10/5/22,63.57,63.9,63.44,63.5,88.82,-25.15
10/4/22,62.62,62.95,62.52,62.55,88.22,-25.485
10/3/22,60.905,61.07,60.73,60.84,86.46,-25.56
9/30/22,59.74,59.905,59.565,59.675,85.74,-26.005
9/29/22,60.705,60.665,60.335,60.645,86.81,-26.31
9/28/22,64.62,64.555,64.225,64.565,90.73,-26.34
9/27/22,63.525,63.43,63.13,63.47,89.62,-26.34
9/26/22,64.655,64.59,64.415,64.6,90.63,-26.1275
9/23/22,66.51,66.5,66.485,66.45,92.25,-25.7575
9/22/22,64.78,64.8,64.755,64.72,90.81,-26.0325
9/21/22,68.605,68.655,68.58,68.545,94.51,-25.8925
9/20/22,67.295,67.375,67.27,67.235,92.84,-25.5175
9/16/22,69.395,69.475,69.37,69.335,94.52,-25.0975
9/15/22,66.895,67.005,66.815,66.835,91.59,-24.68
9/14/22,64.385,64.375,64.125,64.325,89.01,-24.76
9/13/22,65.13,65.06,64.87,65.07,89.61,-24.645
9/12/22,69.375,69.305,69.115,69.315,93.34,-24.13
9/9/22,72.04,72.235,72.045,71.975,95.53,-23.39
9/8/22,71.27,71.44,70.95,71.205,94.28,-23.085
9/7/22,69.93,70.07,69.58,69.865,92.82,-22.995
9/6/22,74.33,74.44,73.98,74.265,97.06,-22.85
9/5/22,77.635,77.715,77.285,77.57,100.13,-22.63
9/2/22,78.1,78.18,77.75,78.035,99.72,-21.755
9/1/22,78.735,78.815,78.355,78.67,100.52,-21.935
8/31/22,77.33,77.855,77.115,77.26,99.69,-22.205
8/30/22,76.855,77.435,76.725,76.785,99.65,-22.57
8/26/22,72.3,72.88,72.17,72.23,94.62,-22.095
8/25/22,75.215,75.765,75.085,75.145,96.86,-21.435
8/24/22,74.375,74.98,74.3,74.305,96.33,-21.69
8/23/22,71.125,71.76,70.84,71.055,93.15,-21.85
8/22/22,71.66,72.295,71.375,71.59,93.34,-21.505
8/19/22,71.74,72.375,71.22,71.67,94.49,-22.6925
8/18/22,73.905,74.45,73.04,73.835,98.03,-24.285
8/17/22,72.58,73.06,71.67,72.51,99.06,-26.695
8/16/22,66.395,66.875,65.335,66.325,95.79,-29.685
8/15/22,66.875,67.295,65.755,66.805,97.5,-30.975
8/12/22,64.48,65.035,63.525,64.41,96.75,-32.47
8/11/22,62.895,63.39,61.94,62.825,96.06,-33.395
8/10/22,59.51,59.92,58.47,59.44,94.1,-34.905
8/9/22,63.33,63.71,62.29,63.26,98.73,-35.73
8/8/22,65.77,65.83,64.085,65.7,100.72,-35.7625
8/5/22,65.685,65.775,63.94,65.615,100.01,-35.1525
8/4/22,72.49,72.635,70.8,72.42,111.11,-39.3925
8/3/22,69.63,69.8,67.965,69.56,107.87,-38.9875
8/2/22,68.215,68.355,66.55,68.145,106.69,-39.2375
8/1/22,67.005,67.115,65.31,66.935,105.46,-39.2475
7/29/22,66.185,66.4,64.57,66.11,105.01,-39.525
7/28/22,67.645,67.86,66.03,67.57,105.46,-38.515
7/27/22,67.325,67.66,65.71,67.25,104.08,-37.395
7/26/22,70.44,70.83,68.88,70.365,106.87,-37.015
7/25/22,70.145,70.64,68.635,70.07,105.81,-36.1725
7/22/22,71.755,72.485,70.45,71.68,106.48,-35.0125
7/21/22,68.065,68.975,66.76,67.99,101.89,-34.0225
7/20/22,62.685,64.03,62.8,62.61,97.22,-33.805
7/19/22,65.305,66.65,65.475,65.23,100.05,-33.9875
7/18/22,65.675,67.05,65.905,65.6,100.51,-34.0325
7/15/22,71.835,73.21,72.125,71.76,106.63,-33.9625
7/14/22,72.98,74.385,73.27,72.905,107.06,-33.2325
7/13/22,72.265,73.19,72.135,72.2,105.68,-33.0175
7/12/22,67.59,68.515,67.43,67.525,100.52,-32.5475
7/11/22,70.845,71.695,70.49,70.785,103.06,-31.9675
7/8/22,82.48,83.3,82.125,82.42,113.89,-31.1775
7/7/22,79.42,80.32,79.055,79.355,111.12,-31.4325
7/6/22,78.11,78.96,77.695,78.05,114.45,-36.1225
7/5/22,82.195,83.045,81.78,82.135,118.46,-36.0475
7/4/22,80.67,81.41,80.145,80.61,117.38,-36.6025
7/1/22,78.375,79.09,77.825,78.32,114.96,-36.5025
6/30/22,77.87,78.53,77.295,77.815,114.24,-36.3275
6/29/22,75.135,75.74,74.6,75.08,111.63,-36.46
6/28/22,74.41,75.015,73.875,74.355,111.12,-36.675
6/27/22,78.42,79.005,77.835,78.37,114.98,-36.56
6/24/22,77.64,78.225,76.94,77.59,113.97,-36.3875
6/23/22,78.74,79.405,78.2,78.685,114.42,-35.6175
6/22/22,82.355,83.02,81.815,82.3,117.95,-35.5325
6/21/22,86.265,86.9,85.99,86.21,121.24,-34.795
6/20/22,90.27,90.99,90.255,90.22,124.73,-34.1075
6/17/22,86.375,87.185,86.21,86.325,120.99,-34.2925
6/16/22,86.615,87.425,86.45,86.565,121.32,-34.3825
6/15/22,88.82,89.63,89.01,88.77,123.86,-34.54
6/14/22,87.685,88.495,87.935,87.635,122.72,-34.505
6/13/22,85.575,86.385,85.815,85.525,120.18,-34.08
6/10/22,84.735,85.545,84.915,84.685,119.39,-34.16
6/9/22,83.595,84.405,83.775,83.545,117.36,-33.27
6/8/22,84.565,85.375,84.63,84.515,122.12,-37.1175
6/7/22,83.185,83.96,83.195,83.135,120.63,-37.0525
6/6/22,81.27,81.99,81.165,81.22,118.16,-36.5825
6/1/22,80.33,81.05,80.2,80.28,117.01,-36.385
5/31/22,77.4,78.15,77.27,77.35,114.02,-36.31
5/30/22,77.485,78.145,77.355,77.435,113.9,-36.15
5/27/22,77.19,77.905,77.05,77.14,113.57,-36.0925
5/26/22,76.065,76.78,75.895,76.015,112.44,-36.1025
5/25/22,73.645,74.305,73.42,73.595,110.21,-36.3475
5/24/22,73.67,74.33,73.205,73.62,110.2,-36.4325
5/23/22,79.015,79.73,78.49,78.965,115.14,-36.03
5/20/22,75.535,76.46,75.38,75.475,112.38,-36.46
5/19/22,73.83,74.75,73.665,73.765,110.83,-36.6225
5/18/22,71.245,72.22,71.015,71.18,108.37,-36.7525
5/17/22,70.215,71.19,69.93,70.15,107.23,-36.67
5/16/22,66.62,67.595,66.275,66.555,104.08,-37.145
5/13/22,69.42,70.395,69.075,69.355,106.59,-36.855
5/12/22,77.015,77.885,76.565,76.955,113.39,-36.165
5/11/22,75.07,75.7,74.56,75.01,111.37,-36.24
5/10/22,71.605,72.385,71.1,71.535,108.7,-36.9575
5/9/22,68.71,69.42,68.46,68.63,106.47,-37.53
5/6/22,70.735,71.66,70.76,70.65,109.36,-38.15
5/5/22,68.245,69.48,68.44,68.155,106.83,-37.87
5/4/22,65.1,66.8,65.95,64.995,104.46,-38.085
5/3/22,64.34,65.55,64.575,64.23,104.13,-39.0675
4/29/22,59.735,60.775,59.89,59.615,99.83,-39.4975
4/28/22,65.775,68.025,67.505,65.615,106.88,-39.115
4/27/22,66.155,68.81,68.115,65.98,108.05,-39.5875
4/26/22,64.445,67.54,67.2,64.245,107.24,-39.87
4/25/22,63.72,67.435,67.24,63.505,107.3,-39.9625
4/22/22,63.875,68.115,67.805,63.645,107.51,-39.55
4/21/22,63.86,68.2,67.935,63.63,107.01,-38.9425
4/20/22,62.43,66.445,66.175,62.205,105.54,-39.23
4/19/22,56.24,59.995,59.67,56.025,99.24,-39.4075
4/14/22,58.485,62.3,61.8,58.27,101.49,-39.44
4/13/22,56.5,60.05,59.55,56.295,99.05,-39.25
4/12/22,63.495,66.34,65.515,63.32,104.49,-38.5625
4/11/22,66.605,69.46,68.545,66.435,107.22,-38.2175
4/8/22,67.815,70.845,69.435,67.65,108.14,-38
4/7/22,69.945,73.165,71.145,69.785,106.01,-33.855
4/6/22,71.945,75.02,72.88,71.795,108.56,-34.61
4/5/22,76.8,79.99,77.735,76.65,113.9,-35.0375
4/4/22,73.475,75.95,73.9,73.345,110.07,-35.145
4/1/22,78.375,80.335,78.46,78.26,114.02,-34.6225
3/31/22,85.6,86.925,85.055,85.5,120.84,-34.85
3/30/22,85.22,86.35,84.305,85.12,119.8,-34.4725
3/29/22,87.625,88.395,86.15,87.525,121.59,-34.3175
3/28/22,81.405,81.995,79.93,81.305,114.95,-33.9875
3/25/22,82.77,83.615,81.375,82.67,115.28,-32.785
3/24/22,75.07,76.105,73.69,74.96,107.19,-32.2925
3/23/22,74.285,76.615,74.075,74.14,107.09,-31.745
3/22/22,66.02,68.66,66.32,65.845,99.95,-32.46
3/21/22,67.52,70.16,67.705,67.345,101.75,-32.8175
3/18/22,71.28,74.185,71.495,71.095,105.52,-32.68
3/17/22,81.265,83.695,80.905,81.09,111.78,-29.48
3/16/22,83.45,86.16,83.66,83.275,113.9,-28.99
3/15/22,92.47,95.18,92.56,92.295,122.78,-28.91
3/14/22,100.78,103.21,100.835,100.595,131.53,-29.5075
3/11/22,93.4,95.83,93.455,93.215,124.95,-30.3075
3/10/22,84.27,85.435,82.77,84.11,114.78,-30.6775
3/9/22,88.835,90.525,87.505,88.66,113.84,-24.825
3/8/22,91.29,91.525,88.43,91.145,110.3,-20.3225
3/7/22,86.945,87.18,84.085,86.8,106.37,-20.7375
3/4/22,84.42,84.125,81.03,84.29,99.92,-17.3425
3/3/22,81.725,81.405,77.765,81.62,97.07,-17.485
3/2/22,88.9,91.215,89.78,88.805,104.08,-13.5825
3/1/22,89.535,90.055,89.435,89.5,97.48,-7.735
2/28/22,90.22,90.72,90.115,90.19,97.11,-6.6925
2/25/22,90.435,90.77,90.115,90.41,95.26,-4.8175
2/24/22,88.9,89.21,88.595,88.875,93.34,-4.4375
2/23/22,88.68,88.96,88.45,88.65,93.11,-4.405
2/22/22,92.225,92.545,92.085,92.195,95.99,-3.675
2/21/22,89.675,89.995,89.535,89.645,93.03,-3.265
2/18/22,91.145,91.465,91.005,91.115,95.09,-3.855
2/17/22,89.705,90.025,89.565,89.675,93.29,-3.495
2/16/22,89.755,90.075,89.615,89.725,92.86,-3.015
2/15/22,89.515,89.805,89.375,89.485,92.11,-2.52
2/14/22,88.555,88.86,88.425,88.53,90.45,-1.8075
2/11/22,91.835,92.125,91.715,91.81,93.35,-1.43
2/10/22,92.22,92.37,91.86,92.195,93.55,-1.435
2/9/22,87.64,87.805,87.27,87.615,89.97,-2.4325
2/8/22,86.19,86.355,85.82,86.165,88.71,-2.6225
2/7/22,88.52,88.68,88.175,88.49,89.74,-1.3125
2/4/22,88.095,88.225,87.75,88.065,91.09,-3.1025
2/3/22,88.89,89.05,88.575,88.86,91.18,-2.3675
2/2/22,87.605,87.855,87.32,87.58,90.07,-2.4825
2/1/22,88.355,88.545,88.03,88.33,90.43,-2.1425
1/31/22,85.96,86.215,85.675,85.93,87.82,-1.875
1/28/22,83.895,84.205,83.63,83.865,85.89,-1.9725
1/27/22,86.175,86.495,85.87,86.145,88.28,-2.0975
1/26/22,87.26,87.58,86.925,87.23,89.24,-1.9875
1/25/22,86.805,87.11,86.39,86.775,88.875,-2.125
1/24/22,84.8,85.135,84.385,84.77,87.15,-2.39
1/21/22,83.965,84.32,83.475,83.935,86.46,-2.5625
1/20/22,83.21,83.69,82.89,83.18,85.61,-2.32
1/19/22,82.295,82.83,82.205,82.26,84.64,-2.1225
1/18/22,82.61,83.2,82.705,82.58,84.95,-1.9975
1/17/22,81.075,81.665,81.24,81.04,83.46,-2.0075
1/14/22,78.48,79.05,78.595,78.445,81.4,-2.5775
1/13/22,79.09,79.655,79.135,79.055,82.11,-2.715
1/12/22,79.295,79.925,79.425,79.255,82.5,-2.825
1/11/22,77.815,78.575,78.025,77.775,81.305,-3.005
1/10/22,76.045,76.685,76.1,76.005,79.72,-3.3275
1/7/22,74.04,74.7,74.1,73.995,77.78,-3.38